{
	"powers": [
		"lavakin:full_fire_immunity",
		"lavakin:lava_gut",
		"lavakin:consume_magma",
		"lavakin:lava_swimming",
		"lavakin:lava_vision",
		"lavakin:speed_in_lava",
		"lavakin:lava_heal",
		"origins:elytra",
		"lavakin:flight_gain",
		"lavakin:flight_resource",
		"lavakin:flight_use",
		"origins:more_kinetic_damage",
		"origins:fragile",
		"origins:nether_spawn",
		"lavakin:harden",
		"lavakin:cooling_off",
		"lavakin:cold_fly",
		"lavakin:obsidian_skin",
		"origins:flame_particles"
	],
	"icon": "minecraft:lava_bucket",
	"order": 1,
	"impact": 3,
	"name": "Lava Wyrmling",
	"description": "You are a creature of the Nether, a wyrmling born in lava."
}