{
	"type": "origins:action_over_time",
	"entity_action": {
		"type": "origins:change_resource",
		"resource": "lavakin:flight_resource",
		"change": -1
	},
	"interval": 2,
	"condition": {
		"type": "origins:or",
		"conditions": [
			{
				"type": "origins:in_rain"
			},
			{
				"type": "origins:fluid_height",
				"fluid":"minecraft:water",
				"comparison":">",
				"compare_to":0
			},
			{
				"type": "origins:block_in_radius",
  				"block_condition": {
    					"type": "origins:in_tag",
					"tag": "lavakin:cold"
				},
				"radius": 5,
				"shape": "cube",
				"comparison": ">=",
				"compare_to": 5
			}
		]
	},
	"hidden": true
}