{
  "type": "origins:active_self",
  "entity_action": {
    "type": "origins:and",
    "actions": [
      {
        "type": "origins:execute_command",
        "command": "clear @s minecraft:magma_cream 1",
        "permission_level": 4
      },
      {
        "type": "origins:execute_command",
        "command": "playsound minecraft:entity.generic.eat voice @s",
        "permission_level": 4
      },
      {
        "type": "origins:feed",
        "food": 2,
        "saturation": 2
      }
    ]
  },
  "item_action": {
    "type": "origins:consume",
    "amount": 1
  },
  "hud_render": {
    "should_render": false
  },
  "cooldown": 1,
  "condition": {
    "type": "origins:and",
    "conditions": [
      {
        "type": "origins:food_level",
        "comparison": "<",
        "compare_to": 20
      },
      {
        "type": "origins:equipped_item",
        "equipment_slot": "mainhand",
        "item_condition": {
          "type": "origins:ingredient",
          "ingredient": { "item": "minecraft:magma_cream" }
        }
      }
    ]
  },
  "key": "primary",
  "name": "Feed the Fire",
  "description": "You may consume magma cream as a tasty treat (2 food, 2 saturation) using the Primary Active Power."
}