{
  "type": "origins:stacking_status_effect",
	"condition": {
		"type": "origins:or",
		"conditions": [
			{
				"type": "origins:in_rain"
			},
			{
				"type": "origins:fluid_height",
				"fluid":"minecraft:water",
				"comparison":">",
				"compare_to":0
			},
			{
				"type": "origins:block_in_radius",
  				"block_condition": {
    					"type": "origins:in_tag",
					"tag": "lavakin:cold"
				},
				"radius": 5,
				"shape": "cube",
				"comparison": ">=",
				"compare_to": 5
			}
		]
	},
  "min_stacks": 0,
  "max_stacks": 1,
  "duration_per_stack": 11,
  "effect": {
      	"effect": "minecraft:slowness",
	"amplifier": 4,
      	"is_ambient": true,
      	"show_particles": false,
      	"show_icon": true
      },
	"name": "Obsidian Shell",
	"description": "When near water or cold things your body cools rapidly forming a hard shell, slowing your speed and making it harder to fly but upping your resistance."
}