{
	"type": "origins:model_color",
	"red": 200,
	"green": 200,
	"blue": 200,
	"condition": {
		"type": "origins:or",
		"conditions": [
			{
				"type": "origins:in_rain"
			},
			{
				"type": "origins:fluid_height",
				"fluid":"minecraft:water",
				"comparison":">",
				"compare_to":0
			},
			{
				"type": "origins:block_in_radius",
  				"block_condition": {
    					"type": "origins:in_tag",
					"tag": "lavakin:cold"
				},
				"radius": 5,
				"shape": "cube",
				"comparison": ">=",
				"compare_to": 5
			}
		]
	},
	"hidden": true
}